{
  "kl_target": 9.003670692443848,
  "energy_based": 4.830608367919922,
  "time_train": 2302.3396422,
  "time_est": 256.5741860000003
}