{
  "kl_target": 10.323987007141113,
  "energy_based": 5.242553234100342,
  "time_train": 1324.7487606999998,
  "time_est": 200.97302339999987
}