{
  "kl_target": 11.751436233520508,
  "energy_based": 4.718092918395996,
  "time_train": 663.3629544,
  "time_est": 128.40161360000002
}